Search__ID,Search_Type,PMID,PUB_YEAR,PROJECT_NUMBER,FY_Start,FY_Last,APY,ACTUAL_PROJECT_YEAR,APY_COST_inf2018,Activity_Code,Institute_Code,Acronym_institute_name,full_institute_name,Compressed Names,Project_Count
abiraterone acetate,Drug,25336698,2014,P01CA077739,1999,2014,2014,2014P01CA077739,1613263,P01,CA,NCI,National Cancer Institute,National Cancer Institute,2
abiraterone acetate,Drug,24847527,2014,P01CA077739,1999,2014,2014,2014P01CA077739,1613263,P01,CA,NCI,National Cancer Institute,National Cancer Institute,2
abiraterone acetate,Drug,21705451,2011,P01CA077739,1999,2014,2011,2011P01CA077739,1855031,P01,CA,NCI,National Cancer Institute,National Cancer Institute,2
abiraterone acetate,Drug,29882250,2018,P30CA006516,1999,2021,2018,2018P30CA006516,12710222,P30,CA,NCI,National Cancer Institute,National Cancer Institute,9
abiraterone acetate,Drug,27489290,2017,P30CA006516,1999,2021,2017,2017P30CA006516,12572620,P30,CA,NCI,National Cancer Institute,National Cancer Institute,5
abiraterone acetate,Drug,32989253,2020,P30CA006973,1999,2021,2020,2020P30CA006973,7360142,P30,CA,NCI,National Cancer Institute,National Cancer Institute,6
abiraterone acetate,Drug,31972048,2020,P30CA006973,1999,2021,2020,2020P30CA006973,7360142,P30,CA,NCI,National Cancer Institute,National Cancer Institute,6
abiraterone acetate,Drug,29988102,2018,P30CA006973,1999,2021,2018,2018P30CA006973,7328078,P30,CA,NCI,National Cancer Institute,National Cancer Institute,4
abiraterone acetate,Drug,28762529,2017,P30CA006973,1999,2021,2017,2017P30CA006973,7664829,P30,CA,NCI,National Cancer Institute,National Cancer Institute,5
abiraterone acetate,Drug,27628492,2016,P30CA006973,1999,2021,2016,2016P30CA006973,7984055,P30,CA,NCI,National Cancer Institute,National Cancer Institute,5
abiraterone acetate,Drug,24482578,2013,P30CA006973,1999,2021,2013,2013P30CA006973,7708211,P30,CA,NCI,National Cancer Institute,National Cancer Institute,4
abiraterone acetate,Drug,24338986,2014,P30CA006973,1999,2021,2014,2014P30CA006973,8083066,P30,CA,NCI,National Cancer Institute,National Cancer Institute,4
abiraterone acetate,Drug,24276248,2014,P30CA006973,1999,2021,2014,2014P30CA006973,8083066,P30,CA,NCI,National Cancer Institute,National Cancer Institute,4
abiraterone acetate,Drug,24157242,2014,P30CA006973,1999,2021,2014,2014P30CA006973,8083066,P30,CA,NCI,National Cancer Institute,National Cancer Institute,4
abiraterone acetate,Drug,23142060,2012,P30CA006973,1999,2021,2012,2012P30CA006973,8517117,P30,CA,NCI,National Cancer Institute,National Cancer Institute,4
abiraterone acetate,Drug,21743483,2011,P30CA006973,1999,2021,2011,2011P30CA006973,8810449,P30,CA,NCI,National Cancer Institute,National Cancer Institute,2
abiraterone acetate,Drug,21741594,2011,P30CA006973,1999,2021,2011,2011P30CA006973,8810449,P30,CA,NCI,National Cancer Institute,National Cancer Institute,2
abiraterone acetate,Drug,18957947,2009,P30CA006973,1999,2021,2009,2009P30CA006973,15320265,P30,CA,NCI,National Cancer Institute,National Cancer Institute,7
abiraterone acetate,Drug,32068491,2020,P30CA008748,1999,2021,2020,2020P30CA008748,13940024,P30,CA,NCI,National Cancer Institute,National Cancer Institute,7
abiraterone acetate,Drug,31420248,2020,P30CA008748,1999,2021,2020,2020P30CA008748,13940024,P30,CA,NCI,National Cancer Institute,National Cancer Institute,7
abiraterone acetate,Drug,30865549,2019,P30CA008748,1999,2021,2019,2019P30CA008748,13613870,P30,CA,NCI,National Cancer Institute,National Cancer Institute,5
abiraterone acetate,Drug,30427533,2019,P30CA008748,1999,2021,2019,2019P30CA008748,13613870,P30,CA,NCI,National Cancer Institute,National Cancer Institute,5
abiraterone acetate,Drug,30344307,2018,P30CA008748,1999,2021,2018,2018P30CA008748,13320025,P30,CA,NCI,National Cancer Institute,National Cancer Institute,6
abiraterone acetate,Drug,30101644,2018,P30CA008748,1999,2021,2018,2018P30CA008748,13320025,P30,CA,NCI,National Cancer Institute,National Cancer Institute,6
abiraterone acetate,Drug,29978216,2018,P30CA008748,1999,2021,2018,2018P30CA008748,13320025,P30,CA,NCI,National Cancer Institute,National Cancer Institute,6
abiraterone acetate,Drug,29882250,2018,P30CA008748,1999,2021,2018,2018P30CA008748,13320025,P30,CA,NCI,National Cancer Institute,National Cancer Institute,6
abiraterone acetate,Drug,29630978,2018,P30CA008748,1999,2021,2018,2018P30CA008748,13320025,P30,CA,NCI,National Cancer Institute,National Cancer Institute,6
abiraterone acetate,Drug,29508246,2018,P30CA008748,1999,2021,2018,2018P30CA008748,13320025,P30,CA,NCI,National Cancer Institute,National Cancer Institute,6
abiraterone acetate,Drug,29331381,2018,P30CA008748,1999,2021,2018,2018P30CA008748,13320025,P30,CA,NCI,National Cancer Institute,National Cancer Institute,6
abiraterone acetate,Drug,29121144,2018,P30CA008748,1999,2021,2018,2018P30CA008748,13320025,P30,CA,NCI,National Cancer Institute,National Cancer Institute,6
abiraterone acetate,Drug,28844792,2017,P30CA008748,1999,2021,2017,2017P30CA008748,13442482,P30,CA,NCI,National Cancer Institute,National Cancer Institute,5
abiraterone acetate,Drug,28778363,2017,P30CA008748,1999,2021,2017,2017P30CA008748,13442482,P30,CA,NCI,National Cancer Institute,National Cancer Institute,5
abiraterone acetate,Drug,28762529,2017,P30CA008748,1999,2021,2017,2017P30CA008748,13442482,P30,CA,NCI,National Cancer Institute,National Cancer Institute,5
abiraterone acetate,Drug,28633425,2017,P30CA008748,1999,2021,2017,2017P30CA008748,13442482,P30,CA,NCI,National Cancer Institute,National Cancer Institute,5
abiraterone acetate,Drug,28389510,2017,P30CA008748,1999,2021,2017,2017P30CA008748,13442482,P30,CA,NCI,National Cancer Institute,National Cancer Institute,5
abiraterone acetate,Drug,28219796,2017,P30CA008748,1999,2021,2017,2017P30CA008748,13442482,P30,CA,NCI,National Cancer Institute,National Cancer Institute,5
abiraterone acetate,Drug,28213364,2017,P30CA008748,1999,2021,2017,2017P30CA008748,13442482,P30,CA,NCI,National Cancer Institute,National Cancer Institute,5
abiraterone acetate,Drug,27979426,2017,P30CA008748,1999,2021,2017,2017P30CA008748,13442482,P30,CA,NCI,National Cancer Institute,National Cancer Institute,5
abiraterone acetate,Drug,27678453,2017,P30CA008748,1999,2021,2017,2017P30CA008748,13442482,P30,CA,NCI,National Cancer Institute,National Cancer Institute,5
abiraterone acetate,Drug,27489290,2017,P30CA008748,1999,2021,2017,2017P30CA008748,13442482,P30,CA,NCI,National Cancer Institute,National Cancer Institute,5
abiraterone acetate,Drug,27402060,2017,P30CA008748,1999,2021,2017,2017P30CA008748,13442482,P30,CA,NCI,National Cancer Institute,National Cancer Institute,5
abiraterone acetate,Drug,27816190,2016,P30CA008748,1999,2021,2016,2016P30CA008748,15856394,P30,CA,NCI,National Cancer Institute,National Cancer Institute,8
abiraterone acetate,Drug,27502737,2016,P30CA008748,1999,2021,2016,2016P30CA008748,15856394,P30,CA,NCI,National Cancer Institute,National Cancer Institute,8
abiraterone acetate,Drug,26965562,2016,P30CA008748,1999,2021,2016,2016P30CA008748,15856394,P30,CA,NCI,National Cancer Institute,National Cancer Institute,8
abiraterone acetate,Drug,26685010,2016,P30CA008748,1999,2021,2016,2016P30CA008748,15856394,P30,CA,NCI,National Cancer Institute,National Cancer Institute,8
abiraterone acetate,Drug,26609008,2016,P30CA008748,1999,2021,2016,2016P30CA008748,15856394,P30,CA,NCI,National Cancer Institute,National Cancer Institute,8
abiraterone acetate,Drug,26508309,2016,P30CA008748,1999,2021,2016,2016P30CA008748,15856394,P30,CA,NCI,National Cancer Institute,National Cancer Institute,8
abiraterone acetate,Drug,26151676,2015,P30CA008748,1999,2021,2015,2015P30CA008748,14212182,P30,CA,NCI,National Cancer Institute,National Cancer Institute,5
abiraterone acetate,Drug,25985882,2015,P30CA008748,1999,2021,2015,2015P30CA008748,14212182,P30,CA,NCI,National Cancer Institute,National Cancer Institute,5
abiraterone acetate,Drug,25800753,2015,P30CA008748,1999,2021,2015,2015P30CA008748,14212182,P30,CA,NCI,National Cancer Institute,National Cancer Institute,5
abiraterone acetate,Drug,25624432,2015,P30CA008748,1999,2021,2015,2015P30CA008748,14212182,P30,CA,NCI,National Cancer Institute,National Cancer Institute,5
abiraterone acetate,Drug,25593303,2015,P30CA008748,1999,2021,2015,2015P30CA008748,14212182,P30,CA,NCI,National Cancer Institute,National Cancer Institute,5
abiraterone acetate,Drug,24647231,2014,P30CA008748,1999,2021,2014,2014P30CA008748,14112088,P30,CA,NCI,National Cancer Institute,National Cancer Institute,4
abiraterone acetate,Drug,23816964,2013,P30CA008748,1999,2021,2013,2013P30CA008748,14622526,P30,CA,NCI,National Cancer Institute,National Cancer Institute,4
abiraterone acetate,Drug,23228172,2013,P30CA008748,1999,2021,2013,2013P30CA008748,14622526,P30,CA,NCI,National Cancer Institute,National Cancer Institute,4
abiraterone acetate,Drug,30865549,2019,P30CA014236,1999,2021,2019,2019P30CA014236,6027879,P30,CA,NCI,National Cancer Institute,National Cancer Institute,6
abiraterone acetate,Drug,29590007,2018,P30CA014599,1999,2021,2018,2018P30CA014599,4711102,P30,CA,NCI,National Cancer Institute,National Cancer Institute,4
abiraterone acetate,Drug,27993966,2017,P30CA015704,1999,2021,2017,2017P30CA015704,10559632,P30,CA,NCI,National Cancer Institute,National Cancer Institute,6
abiraterone acetate,Drug,25336698,2014,P30CA016056,1999,2021,2014,2014P30CA016056,4749131,P30,CA,NCI,National Cancer Institute,National Cancer Institute,6
abiraterone acetate,Drug,24847527,2014,P30CA016056,1999,2021,2014,2014P30CA016056,4749131,P30,CA,NCI,National Cancer Institute,National Cancer Institute,6
abiraterone acetate,Drug,29608397,2018,P30CA016086,1999,2021,2018,2018P30CA016086,7789374,P30,CA,NCI,National Cancer Institute,National Cancer Institute,7
abiraterone acetate,Drug,23913744,2013,P30CA016359,1999,2020,2013,2013P30CA016359,3027834,P30,CA,NCI,National Cancer Institute,National Cancer Institute,3
abiraterone acetate,Drug,28663228,2017,P30CA016520,1999,2021,2017,2017P30CA016520,8392784,P30,CA,NCI,National Cancer Institute,National Cancer Institute,4
abiraterone acetate,Drug,31986451,2020,P30CA016672,1999,2020,2020,2020P30CA016672,11700756,P30,CA,NCI,National Cancer Institute,National Cancer Institute,8
abiraterone acetate,Drug,31412017,2020,P30CA016672,1999,2020,2020,2020P30CA016672,11700756,P30,CA,NCI,National Cancer Institute,National Cancer Institute,8
abiraterone acetate,Drug,27748439,2016,P30CA016672,1999,2020,2016,2016P30CA016672,14501632,P30,CA,NCI,National Cancer Institute,National Cancer Institute,10
abiraterone acetate,Drug,27331874,2016,P30CA016672,1999,2020,2016,2016P30CA016672,14501632,P30,CA,NCI,National Cancer Institute,National Cancer Institute,10
abiraterone acetate,Drug,25601341,2015,P30CA016672,1999,2020,2015,2015P30CA016672,12243623,P30,CA,NCI,National Cancer Institute,National Cancer Institute,6
abiraterone acetate,Drug,25593303,2015,P30CA016672,1999,2020,2015,2015P30CA016672,12243623,P30,CA,NCI,National Cancer Institute,National Cancer Institute,6
abiraterone acetate,Drug,25311217,2014,P30CA016672,1999,2020,2014,2014P30CA016672,11792129,P30,CA,NCI,National Cancer Institute,National Cancer Institute,6
abiraterone acetate,Drug,29511635,2014,P30CA016672,1999,2020,2014,2014P30CA016672,11792129,P30,CA,NCI,National Cancer Institute,National Cancer Institute,6
abiraterone acetate,Drug,23752182,2013,P30CA016672,1999,2020,2013,2013P30CA016672,11445337,P30,CA,NCI,National Cancer Institute,National Cancer Institute,4
abiraterone acetate,Drug,23228172,2013,P30CA016672,1999,2020,2013,2013P30CA016672,11445337,P30,CA,NCI,National Cancer Institute,National Cancer Institute,4
abiraterone acetate,Drug,22184395,2012,P30CA016672,1999,2020,2012,2012P30CA016672,12166014,P30,CA,NCI,National Cancer Institute,National Cancer Institute,4
abiraterone acetate,Drug,24156780,2014,P30CA022453,1999,2021,2014,2014P30CA022453,2851353,P30,CA,NCI,National Cancer Institute,National Cancer Institute,3
abiraterone acetate,Drug,28219796,2017,P30CA023108,1999,2021,2017,2017P30CA023108,3681518,P30,CA,NCI,National Cancer Institute,National Cancer Institute,6
abiraterone acetate,Drug,29289429,2018,P30CA033572,1999,2021,2018,2018P30CA033572,3451937,P30,CA,NCI,National Cancer Institute,National Cancer Institute,4
abiraterone acetate,Drug,26121643,2015,P30CA036727,1999,2020,2015,2015P30CA036727,1766751,P30,CA,NCI,National Cancer Institute,National Cancer Institute,3
abiraterone acetate,Drug,28131750,2017,P30CA042014,1999,2021,2017,2017P30CA042014,3352425,P30,CA,NCI,National Cancer Institute,National Cancer Institute,10
abiraterone acetate,Drug,31023520,2019,P30CA046592,1999,2020,2019,2019P30CA046592,6792609,P30,CA,NCI,National Cancer Institute,National Cancer Institute,5
abiraterone acetate,Drug,31002323,2019,P30CA046592,1999,2020,2019,2019P30CA046592,6792609,P30,CA,NCI,National Cancer Institute,National Cancer Institute,5
abiraterone acetate,Drug,28370076,2017,P30CA047904,1999,2020,2017,2017P30CA047904,5746254,P30,CA,NCI,National Cancer Institute,National Cancer Institute,5
abiraterone acetate,Drug,28219796,2017,P30CA047904,1999,2020,2017,2017P30CA047904,5746254,P30,CA,NCI,National Cancer Institute,National Cancer Institute,5
abiraterone acetate,Drug,31420248,2020,P30CA056036,1999,2020,2020,2020P30CA056036,3831285,P30,CA,NCI,National Cancer Institute,National Cancer Institute,7
abiraterone acetate,Drug,30098419,2019,P30CA056036,1999,2020,2019,2019P30CA056036,2883769,P30,CA,NCI,National Cancer Institute,National Cancer Institute,3
abiraterone acetate,Drug,24647231,2014,P30CA069533,1999,2020,2014,2014P30CA069533,1957646,P30,CA,NCI,National Cancer Institute,National Cancer Institute,4
abiraterone acetate,Drug,24759590,2014,P30CA072720,1999,2021,2014,2014P30CA072720,3670799,P30,CA,NCI,National Cancer Institute,National Cancer Institute,5
abiraterone acetate,Drug,22451619,2012,P30CA072720,1999,2021,2012,2012P30CA072720,4026440,P30,CA,NCI,National Cancer Institute,National Cancer Institute,6
abiraterone acetate,Drug,32989253,2020,P50CA058236,1999,2020,2020,2020P50CA058236,1392420,P50,CA,NCI,National Cancer Institute,National Cancer Institute,2
abiraterone acetate,Drug,23795335,2012,P50CA058236,1999,2020,2012,2012P50CA058236,2340964,P50,CA,NCI,National Cancer Institute,National Cancer Institute,2
abiraterone acetate,Drug,21577234,2011,P50CA058236,1999,2020,2011,2011P50CA058236,2722787,P50,CA,NCI,National Cancer Institute,National Cancer Institute,2
abiraterone acetate,Drug,23789039,2011,P50CA058236,1999,2020,2011,2011P50CA058236,2722787,P50,CA,NCI,National Cancer Institute,National Cancer Institute,2
abiraterone acetate,Drug,21729712,2011,R01CA027440,1999,2008,2008,2008R01CA027440,430943,R01,CA,NCI,National Cancer Institute,National Cancer Institute,1
abiraterone acetate,Drug,30098419,2019,R01CA039481,1999,2020,2019,2019R01CA039481,345246,R01,CA,NCI,National Cancer Institute,National Cancer Institute,1
abiraterone acetate,Drug,30098419,2019,R01CA047282,1999,2019,2019,2019R01CA047282,146865,R01,CA,NCI,National Cancer Institute,National Cancer Institute,1
abiraterone acetate,Drug,24157242,2014,T32CA009071,1999,2020,2014,2014T32CA009071,673009,T32,CA,NCI,National Cancer Institute,National Cancer Institute,2
abiraterone acetate,Drug,31328181,2017,T32CA009476,1999,2020,2017,2017T32CA009476,248174,T32,CA,NCI,National Cancer Institute,National Cancer Institute,1
abiraterone acetate,Drug,29508246,2018,T32CA009515,1999,2020,2018,2018T32CA009515,666666,T32,CA,NCI,National Cancer Institute,National Cancer Institute,1
abiraterone acetate,Drug,28389510,2017,T32CA009515,1999,2020,2017,2017T32CA009515,598982,T32,CA,NCI,National Cancer Institute,National Cancer Institute,1
abiraterone acetate,Drug,30865549,2019,T32CA062948,1999,2020,2019,2019T32CA062948,487964,T32,CA,NCI,National Cancer Institute,National Cancer Institute,1
abiraterone acetate,Drug,23913744,2013,U10CA013650,1999,2013,2013,2013U10CA013650,204618,U10,CA,NCI,National Cancer Institute,National Cancer Institute,1
abiraterone acetate,Drug,23913744,2013,U10CA016116,1999,2013,2013,2013U10CA016116,264372,U10,CA,NCI,National Cancer Institute,National Cancer Institute,1
abiraterone acetate,Drug,23913744,2013,U10CA021115,1999,2013,2013,2013U10CA021115,11071485,U10,CA,NCI,National Cancer Institute,National Cancer Institute,2
abiraterone acetate,Drug,28219796,2017,U10CA031946,1999,2013,2013,2013U10CA031946,11633687,U10,CA,NCI,National Cancer Institute,National Cancer Institute,2
abiraterone acetate,Drug,23913744,2013,U10CA031946,1999,2013,2013,2013U10CA031946,11633687,U10,CA,NCI,National Cancer Institute,National Cancer Institute,2
abiraterone acetate,Drug,23913744,2013,U10CA032291,1999,2013,2013,2013U10CA032291,527998,U10,CA,NCI,National Cancer Institute,National Cancer Institute,1
abiraterone acetate,Drug,23913744,2013,U10CA033601,1999,2013,2013,2013U10CA033601,5007601,U10,CA,NCI,National Cancer Institute,National Cancer Institute,1
abiraterone acetate,Drug,23913744,2013,U10CA035113,1999,2014,2013,2013U10CA035113,990252,U10,CA,NCI,National Cancer Institute,National Cancer Institute,1
abiraterone acetate,Drug,23913744,2013,U10CA035279,1999,2014,2013,2013U10CA035279,826608,U10,CA,NCI,National Cancer Institute,National Cancer Institute,1
abiraterone acetate,Drug,23913744,2013,U10CA035421,1999,2014,2013,2013U10CA035421,775035,U10,CA,NCI,National Cancer Institute,National Cancer Institute,1
abiraterone acetate,Drug,23913744,2013,U10CA037447,1999,2015,2013,2013U10CA037447,3540677,U10,CA,NCI,National Cancer Institute,National Cancer Institute,2
abiraterone acetate,Drug,23913744,2013,U10CA041287,1999,2013,2013,2013U10CA041287,275426,U10,CA,NCI,National Cancer Institute,National Cancer Institute,1
abiraterone acetate,Drug,23913744,2013,U10CA045389,1999,2014,2013,2013U10CA045389,602353,U10,CA,NCI,National Cancer Institute,National Cancer Institute,1
abiraterone acetate,Drug,23913744,2013,U10CA045418,1999,2014,2013,2013U10CA045418,1793848,U10,CA,NCI,National Cancer Institute,National Cancer Institute,2
abiraterone acetate,Drug,28358937,2017,U10CA045560,1999,2014,2014,2014U10CA045560,40184,U10,CA,NCI,National Cancer Institute,National Cancer Institute,1
abiraterone acetate,Drug,23913744,2013,U10CA045564,1999,2014,2013,2013U10CA045564,542748,U10,CA,NCI,National Cancer Institute,National Cancer Institute,1
abiraterone acetate,Drug,23913744,2013,U10CA045808,1999,2013,2013,2013U10CA045808,2178440,U10,CA,NCI,National Cancer Institute,National Cancer Institute,1
abiraterone acetate,Drug,28358937,2017,U10CA046368,1999,2013,2013,2013U10CA046368,395405,U10,CA,NCI,National Cancer Institute,National Cancer Institute,1
abiraterone acetate,Drug,23913744,2013,U10CA047559,1999,2013,2013,2013U10CA047559,168433,U10,CA,NCI,National Cancer Institute,National Cancer Institute,1
abiraterone acetate,Drug,23913744,2013,U10CA047577,1999,2013,2013,2013U10CA047577,99573,U10,CA,NCI,National Cancer Institute,National Cancer Institute,1
abiraterone acetate,Drug,23913744,2013,U10CA059518,1999,2013,2013,2013U10CA059518,203775,U10,CA,NCI,National Cancer Institute,National Cancer Institute,1
abiraterone acetate,Drug,23913744,2013,U10CA074811,1999,2011,2011,2011U10CA074811,747675,U10,CA,NCI,National Cancer Institute,National Cancer Institute,1
abiraterone acetate,Drug,28219796,2017,U10CA077651,1999,2013,2013,2013U10CA077651,226208,U10,CA,NCI,National Cancer Institute,National Cancer Institute,1
abiraterone acetate,Drug,23913744,2013,U10CA077651,1999,2013,2013,2013U10CA077651,226208,U10,CA,NCI,National Cancer Institute,National Cancer Institute,1
abiraterone acetate,Drug,23913744,2013,U10CA077658,1999,2013,2013,2013U10CA077658,519787,U10,CA,NCI,National Cancer Institute,National Cancer Institute,1
abiraterone acetate,Drug,28426121,2017,K12CA086913,2000,2020,2017,2017K12CA086913,1152037,K12,CA,NCI,National Cancer Institute,National Cancer Institute,1
abiraterone acetate,Drug,25624432,2015,P50CA086438,2000,2015,2015,2015P50CA086438,1651741,P50,CA,NCI,National Cancer Institute,National Cancer Institute,2
abiraterone acetate,Drug,23913744,2013,U10CA086726,2000,2014,2013,2013U10CA086726,825609,U10,CA,NCI,National Cancer Institute,National Cancer Institute,2
abiraterone acetate,Drug,30344307,2018,P50CA092629,2001,2020,2018,2018P50CA092629,2436043,P50,CA,NCI,National Cancer Institute,National Cancer Institute,2
abiraterone acetate,Drug,30101644,2018,P50CA092629,2001,2020,2018,2018P50CA092629,2436043,P50,CA,NCI,National Cancer Institute,National Cancer Institute,2
abiraterone acetate,Drug,29978216,2018,P50CA092629,2001,2020,2018,2018P50CA092629,2436043,P50,CA,NCI,National Cancer Institute,National Cancer Institute,2
abiraterone acetate,Drug,29508246,2018,P50CA092629,2001,2020,2018,2018P50CA092629,2436043,P50,CA,NCI,National Cancer Institute,National Cancer Institute,2
abiraterone acetate,Drug,28213364,2017,P50CA092629,2001,2020,2017,2017P50CA092629,2556372,P50,CA,NCI,National Cancer Institute,National Cancer Institute,2
abiraterone acetate,Drug,27979426,2017,P50CA092629,2001,2020,2017,2017P50CA092629,2556372,P50,CA,NCI,National Cancer Institute,National Cancer Institute,2
abiraterone acetate,Drug,27678453,2017,P50CA092629,2001,2020,2017,2017P50CA092629,2556372,P50,CA,NCI,National Cancer Institute,National Cancer Institute,2
abiraterone acetate,Drug,25800753,2015,P50CA092629,2001,2020,2015,2015P50CA092629,2134008,P50,CA,NCI,National Cancer Institute,National Cancer Institute,2
abiraterone acetate,Drug,22099611,2012,P50CA092629,2001,2020,2012,2012P50CA092629,2394139,P50,CA,NCI,National Cancer Institute,National Cancer Institute,2
abiraterone acetate,Drug,21802835,2011,P50CA092629,2001,2020,2011,2011P50CA092629,2369400,P50,CA,NCI,National Cancer Institute,National Cancer Institute,1
abiraterone acetate,Drug,21680546,2011,P50CA092629,2001,2020,2011,2011P50CA092629,2369400,P50,CA,NCI,National Cancer Institute,National Cancer Institute,1
abiraterone acetate,Drug,21612468,2011,P50CA092629,2001,2020,2011,2011P50CA092629,2369400,P50,CA,NCI,National Cancer Institute,National Cancer Institute,1
abiraterone acetate,Drug,20159814,2010,P50CA092629,2001,2020,2010,2010P50CA092629,3136432,P50,CA,NCI,National Cancer Institute,National Cancer Institute,2
abiraterone acetate,Drug,19796750,2009,P50CA092629,2001,2020,2009,2009P50CA092629,3240227,P50,CA,NCI,National Cancer Institute,National Cancer Institute,2
abiraterone acetate,Drug,30427533,2019,P50CA090381,2002,2017,2017,2017P50CA090381,2413609,P50,CA,NCI,National Cancer Institute,National Cancer Institute,2
abiraterone acetate,Drug,29921690,2018,P50CA090381,2002,2017,2017,2017P50CA090381,2413609,P50,CA,NCI,National Cancer Institute,National Cancer Institute,2
abiraterone acetate,Drug,29882250,2018,P50CA090381,2002,2017,2017,2017P50CA090381,2413609,P50,CA,NCI,National Cancer Institute,National Cancer Institute,2
abiraterone acetate,Drug,28762529,2017,P50CA090381,2002,2017,2017,2017P50CA090381,2413609,P50,CA,NCI,National Cancer Institute,National Cancer Institute,2
abiraterone acetate,Drug,28663228,2017,P50CA090381,2002,2017,2017,2017P50CA090381,2413609,P50,CA,NCI,National Cancer Institute,National Cancer Institute,2
abiraterone acetate,Drug,28389510,2017,P50CA090381,2002,2017,2017,2017P50CA090381,2413609,P50,CA,NCI,National Cancer Institute,National Cancer Institute,2
abiraterone acetate,Drug,27489290,2017,P50CA090381,2002,2017,2017,2017P50CA090381,2413609,P50,CA,NCI,National Cancer Institute,National Cancer Institute,2
abiraterone acetate,Drug,27225130,2016,P50CA090381,2002,2017,2016,2016P50CA090381,2366383,P50,CA,NCI,National Cancer Institute,National Cancer Institute,2
abiraterone acetate,Drug,25514466,2015,P50CA090381,2002,2017,2015,2015P50CA090381,2452287,P50,CA,NCI,National Cancer Institute,National Cancer Institute,2
abiraterone acetate,Drug,25311217,2014,P50CA090381,2002,2017,2014,2014P50CA090381,2377057,P50,CA,NCI,National Cancer Institute,National Cancer Institute,2
abiraterone acetate,Drug,32544574,2020,P50CA092131,2002,2020,2020,2020P50CA092131,1364296,P50,CA,NCI,National Cancer Institute,National Cancer Institute,2
abiraterone acetate,Drug,32989253,2020,P50CA097186,2002,2020,2020,2020P50CA097186,1952726,P50,CA,NCI,National Cancer Institute,National Cancer Institute,2
abiraterone acetate,Drug,30334814,2019,P50CA097186,2002,2020,2019,2019P50CA097186,2020053,P50,CA,NCI,National Cancer Institute,National Cancer Institute,2
abiraterone acetate,Drug,29921690,2018,P50CA097186,2002,2020,2018,2018P50CA097186,2157062,P50,CA,NCI,National Cancer Institute,National Cancer Institute,2
abiraterone acetate,Drug,28389510,2017,P50CA097186,2002,2020,2017,2017P50CA097186,2330032,P50,CA,NCI,National Cancer Institute,National Cancer Institute,2
abiraterone acetate,Drug,27993966,2017,P50CA097186,2002,2020,2017,2017P50CA097186,2330032,P50,CA,NCI,National Cancer Institute,National Cancer Institute,2
abiraterone acetate,Drug,25311217,2014,P50CA097186,2002,2020,2014,2014P50CA097186,2432258,P50,CA,NCI,National Cancer Institute,National Cancer Institute,2
abiraterone acetate,Drug,25018037,2015,P50CA097186,2002,2020,2015,2015P50CA097186,2452287,P50,CA,NCI,National Cancer Institute,National Cancer Institute,2
abiraterone acetate,Drug,19198621,2009,P50CA097186,2002,2020,2009,2009P50CA097186,3233834,P50,CA,NCI,National Cancer Institute,National Cancer Institute,2
abiraterone acetate,Drug,28389510,2017,R25CA101871,2003,2013,2013,2013R25CA101871,586578,R25,CA,NCI,National Cancer Institute,National Cancer Institute,1
abiraterone acetate,Drug,27531846,2017,R25CA101871,2003,2013,2013,2013R25CA101871,586578,R25,CA,NCI,National Cancer Institute,National Cancer Institute,1
abiraterone acetate,Drug,25514466,2015,R25CA101871,2003,2013,2013,2013R25CA101871,586578,R25,CA,NCI,National Cancer Institute,National Cancer Institute,1
abiraterone acetate,Drug,25311217,2014,R25CA101871,2003,2013,2013,2013R25CA101871,586578,R25,CA,NCI,National Cancer Institute,National Cancer Institute,1
abiraterone acetate,Drug,29497605,2018,R01CA105304,2004,2021,2018,2018R01CA105304,264812,R01,CA,NCI,National Cancer Institute,National Cancer Institute,2
abiraterone acetate,Drug,20159824,2010,K23CA115775,2005,2009,2009,2009K23CA115775,176412,K23,CA,NCI,National Cancer Institute,National Cancer Institute,1
abiraterone acetate,Drug,30098419,2019,R01CA109874,2005,2015,2015,2015R01CA109874,293191,R01,CA,NCI,National Cancer Institute,National Cancer Institute,1
abiraterone acetate,Drug,23913744,2013,U10CA114558,2005,2014,2013,2013U10CA114558,732531,U10,CA,NCI,National Cancer Institute,National Cancer Institute,1
abiraterone acetate,Drug,26151676,2015,K24CA121990,2007,2016,2015,2015K24CA121990,208721,K24,CA,NCI,National Cancer Institute,National Cancer Institute,1
abiraterone acetate,Drug,24647231,2014,K24CA121990,2007,2016,2014,2014K24CA121990,209234,K24,CA,NCI,National Cancer Institute,National Cancer Institute,1
abiraterone acetate,Drug,23228172,2013,K24CA121990,2007,2016,2013,2013K24CA121990,216074,K24,CA,NCI,National Cancer Institute,National Cancer Institute,1
abiraterone acetate,Drug,23093251,2012,K24CA121990,2007,2016,2012,2012K24CA121990,222455,K24,CA,NCI,National Cancer Institute,National Cancer Institute,1
abiraterone acetate,Drug,21632851,2011,K24CA121990,2007,2016,2011,2011K24CA121990,243622,K24,CA,NCI,National Cancer Institute,National Cancer Institute,1
abiraterone acetate,Drug,20159824,2010,K24CA121990,2007,2016,2010,2010K24CA121990,259273,K24,CA,NCI,National Cancer Institute,National Cancer Institute,1
abiraterone acetate,Drug,20159814,2010,K24CA121990,2007,2016,2010,2010K24CA121990,259273,K24,CA,NCI,National Cancer Institute,National Cancer Institute,1
abiraterone acetate,Drug,23319868,2013,P30CA125123,2007,2020,2013,2013P30CA125123,3730847,P30,CA,NCI,National Cancer Institute,National Cancer Institute,4
abiraterone acetate,Drug,24156780,2014,R01CA127258,2007,2011,2011,2011R01CA127258,286752,R01,CA,NCI,National Cancer Institute,National Cancer Institute,1
abiraterone acetate,Drug,23093251,2012,R01CA129933,2008,2021,2012,2012R01CA129933,426147,R01,CA,NCI,National Cancer Institute,National Cancer Institute,1
abiraterone acetate,Drug,25047002,2014,R01CA131226,2008,2010,2010,2010R01CA131226,418277,R01,CA,NCI,National Cancer Institute,National Cancer Institute,1
abiraterone acetate,Drug,19796750,2009,K08CA140946,2009,2013,2009,2009K08CA140946,218045,K08,CA,NCI,National Cancer Institute,National Cancer Institute,1
abiraterone acetate,Drug,26445599,2015,K12CA132783,2009,2019,2015,2015K12CA132783,776412,K12,CA,NCI,National Cancer Institute,National Cancer Institute,2
abiraterone acetate,Drug,27748439,2016,P50CA140388,2009,2020,2016,2016P50CA140388,2473384,P50,CA,NCI,National Cancer Institute,National Cancer Institute,2
abiraterone acetate,Drug,27331874,2016,P50CA140388,2009,2020,2016,2016P50CA140388,2473384,P50,CA,NCI,National Cancer Institute,National Cancer Institute,2
abiraterone acetate,Drug,23752182,2013,P50CA140388,2009,2020,2013,2013P50CA140388,2498598,P50,CA,NCI,National Cancer Institute,National Cancer Institute,2
abiraterone acetate,Drug,22184395,2012,P50CA140388,2009,2020,2012,2012P50CA140388,2751213,P50,CA,NCI,National Cancer Institute,National Cancer Institute,2
abiraterone acetate,Drug,24859991,2014,R01CA127727,2009,2013,2013,2013R01CA127727,342925,R01,CA,NCI,National Cancer Institute,National Cancer Institute,1
abiraterone acetate,Drug,29167276,2018,R01CA134514,2009,2019,2018,2018R01CA134514,357750,R01,CA,NCI,National Cancer Institute,National Cancer Institute,1
abiraterone acetate,Drug,28473535,2017,R01CA134514,2009,2019,2017,2017R01CA134514,375421,R01,CA,NCI,National Cancer Institute,National Cancer Institute,1
abiraterone acetate,Drug,25925891,2015,R01CA136753,2009,2013,2013,2013R01CA136753,339628,R01,CA,NCI,National Cancer Institute,National Cancer Institute,1
abiraterone acetate,Drug,20645691,2010,R03CA140024,2009,2010,2010,2010R03CA140024,94158,R03,CA,NCI,National Cancer Institute,National Cancer Institute,1
abiraterone acetate,Drug,30098419,2019,P01CA140043,2010,2020,2019,2019P01CA140043,1137415,P01,CA,NCI,National Cancer Institute,National Cancer Institute,2
abiraterone acetate,Drug,26121643,2015,R01CA138791,2010,2014,2014,2014R01CA138791,401674,R01,CA,NCI,National Cancer Institute,National Cancer Institute,2
abiraterone acetate,Drug,29167276,2018,R01CA130908,2010,2020,2018,2018R01CA130908,377625,R01,CA,NCI,National Cancer Institute,National Cancer Institute,1
abiraterone acetate,Drug,28473535,2017,R01CA130908,2010,2020,2017,2017R01CA130908,396277,R01,CA,NCI,National Cancer Institute,National Cancer Institute,1
abiraterone acetate,Drug,30761385,2017,R01CA165076,2012,2016,2016,2016R01CA165076,358162,R01,CA,NCI,National Cancer Institute,National Cancer Institute,1
abiraterone acetate,Drug,32045360,2020,R01CA172382,2012,2021,2020,2020R01CA172382,359439,R01,CA,NCI,National Cancer Institute,National Cancer Institute,1
abiraterone acetate,Drug,29939161,2018,R01CA172382,2012,2021,2018,2018R01CA172382,380000,R01,CA,NCI,National Cancer Institute,National Cancer Institute,1
abiraterone acetate,Drug,27225130,2016,R01CA172382,2012,2021,2016,2016R01CA172382,353363,R01,CA,NCI,National Cancer Institute,National Cancer Institute,1
abiraterone acetate,Drug,24867689,2014,R01CA172382,2012,2021,2014,2014R01CA172382,358925,R01,CA,NCI,National Cancer Institute,National Cancer Institute,1
abiraterone acetate,Drug,23592429,2013,R01CA172382,2012,2021,2013,2013R01CA172382,359202,R01,CA,NCI,National Cancer Institute,National Cancer Institute,1
abiraterone acetate,Drug,26814148,2015,R01CA165263,2012,2016,2015,2015R01CA165263,358640,R01,CA,NCI,National Cancer Institute,National Cancer Institute,1
abiraterone acetate,Drug,30098419,2019,R01CA157372,2012,2017,2017,2017R01CA157372,399085,R01,CA,NCI,National Cancer Institute,National Cancer Institute,1
abiraterone acetate,Drug,32989253,2020,P01CA163227,2013,2021,2020,2020P01CA163227,1378794,P01,CA,NCI,National Cancer Institute,National Cancer Institute,2
abiraterone acetate,Drug,30334814,2019,P01CA163227,2013,2021,2019,2019P01CA163227,1491852,P01,CA,NCI,National Cancer Institute,National Cancer Institute,2
abiraterone acetate,Drug,28663228,2017,P01CA163227,2013,2021,2017,2017P01CA163227,2146515,P01,CA,NCI,National Cancer Institute,National Cancer Institute,2
abiraterone acetate,Drug,28389510,2017,P01CA163227,2013,2021,2017,2017P01CA163227,2146515,P01,CA,NCI,National Cancer Institute,National Cancer Institute,2
abiraterone acetate,Drug,27993966,2017,P01CA163227,2013,2021,2017,2017P01CA163227,2146515,P01,CA,NCI,National Cancer Institute,National Cancer Institute,2
abiraterone acetate,Drug,27531846,2017,P01CA163227,2013,2021,2017,2017P01CA163227,2146515,P01,CA,NCI,National Cancer Institute,National Cancer Institute,2
abiraterone acetate,Drug,27225130,2016,P01CA163227,2013,2021,2016,2016P01CA163227,2238400,P01,CA,NCI,National Cancer Institute,National Cancer Institute,2
abiraterone acetate,Drug,27119752,2016,P01CA163227,2013,2021,2016,2016P01CA163227,2238400,P01,CA,NCI,National Cancer Institute,National Cancer Institute,2
abiraterone acetate,Drug,26032458,2015,P01CA163227,2013,2021,2015,2015P01CA163227,2307177,P01,CA,NCI,National Cancer Institute,National Cancer Institute,2
abiraterone acetate,Drug,25514466,2015,P01CA163227,2013,2021,2015,2015P01CA163227,2307177,P01,CA,NCI,National Cancer Institute,National Cancer Institute,2
abiraterone acetate,Drug,25311217,2014,P01CA163227,2013,2021,2014,2014P01CA163227,2262361,P01,CA,NCI,National Cancer Institute,National Cancer Institute,2
abiraterone acetate,Drug,29508246,2018,K08CA175154,2013,2017,2017,2017K08CA175154,177935,K08,CA,NCI,National Cancer Institute,National Cancer Institute,1
abiraterone acetate,Drug,28314838,2017,K08CA175154,2013,2017,2017,2017K08CA175154,177935,K08,CA,NCI,National Cancer Institute,National Cancer Institute,1
abiraterone acetate,Drug,25374898,2013,R01CA180277,2013,2016,2013,2013R01CA180277,320155,R01,CA,NCI,National Cancer Institute,National Cancer Institute,1
abiraterone acetate,Drug,29069303,2018,R01CA174777,2013,2021,2018,2018R01CA174777,366539,R01,CA,NCI,National Cancer Institute,National Cancer Institute,1
abiraterone acetate,Drug,28473535,2017,R01CA174777,2013,2021,2017,2017R01CA174777,325468,R01,CA,NCI,National Cancer Institute,National Cancer Institute,1
abiraterone acetate,Drug,24859991,2014,R01CA174777,2013,2021,2014,2014R01CA174777,343349,R01,CA,NCI,National Cancer Institute,National Cancer Institute,1
abiraterone acetate,Drug,29939161,2018,R01CA168899,2013,2017,2017,2017R01CA168899,343044,R01,CA,NCI,National Cancer Institute,National Cancer Institute,1
abiraterone acetate,Drug,27063554,2017,R01CA168899,2013,2017,2017,2017R01CA168899,343044,R01,CA,NCI,National Cancer Institute,National Cancer Institute,1
abiraterone acetate,Drug,27225130,2016,R01CA168899,2013,2017,2016,2016R01CA168899,357800,R01,CA,NCI,National Cancer Institute,National Cancer Institute,1
abiraterone acetate,Drug,24867689,2014,R01CA168899,2013,2017,2014,2014R01CA168899,356753,R01,CA,NCI,National Cancer Institute,National Cancer Institute,1
abiraterone acetate,Drug,25374898,2013,R03CA172894,2013,2014,2013,2013R03CA172894,91449,R03,CA,NCI,National Cancer Institute,National Cancer Institute,1
abiraterone acetate,Drug,28358937,2017,U10CA180818,2014,2018,2017,2017U10CA180818,606262,U10,CA,NCI,National Cancer Institute,National Cancer Institute,1
abiraterone acetate,Drug,28358937,2017,U10CA180828,2014,2018,2017,2017U10CA180828,668622,U10,CA,NCI,National Cancer Institute,National Cancer Institute,1
abiraterone acetate,Drug,29508246,2018,R01CA182503,2014,2018,2018,2018R01CA182503,439351,R01,CA,NCI,National Cancer Institute,National Cancer Institute,1
abiraterone acetate,Drug,31972048,2020,R01CA184012,2014,2018,2018,2018R01CA184012,261450,R01,CA,NCI,National Cancer Institute,National Cancer Institute,1
abiraterone acetate,Drug,28358937,2017,U10CA180830,2014,2018,2017,2017U10CA180830,625442,U10,CA,NCI,National Cancer Institute,National Cancer Institute,1
abiraterone acetate,Drug,28219796,2017,U10CA180821,2014,2021,2017,2017U10CA180821,13887281,U10,CA,NCI,National Cancer Institute,National Cancer Institute,2
abiraterone acetate,Drug,28358937,2017,UG1CA189854,2014,2020,2017,2017UG1CA189854,1463283,UG1,CA,NCI,National Cancer Institute,National Cancer Institute,1
abiraterone acetate,Drug,28358937,2017,UG1CA189821,2014,2020,2017,2017UG1CA189821,4216298,UG1,CA,NCI,National Cancer Institute,National Cancer Institute,1
abiraterone acetate,Drug,28219796,2017,U10CA180844,2014,2018,2017,2017U10CA180844,942824,U10,CA,NCI,National Cancer Institute,National Cancer Institute,1
abiraterone acetate,Drug,28358937,2017,UG1CA189808,2014,2018,2017,2017UG1CA189808,1926557,UG1,CA,NCI,National Cancer Institute,National Cancer Institute,1
abiraterone acetate,Drug,28219796,2017,U10CA180791,2014,2018,2017,2017U10CA180791,936206,U10,CA,NCI,National Cancer Institute,National Cancer Institute,2
abiraterone acetate,Drug,28358937,2017,UG1CA189858,2014,2020,2017,2017UG1CA189858,3116903,UG1,CA,NCI,National Cancer Institute,National Cancer Institute,1
abiraterone acetate,Drug,28219796,2017,U10CA180854,2014,2018,2017,2017U10CA180854,374695,U10,CA,NCI,National Cancer Institute,National Cancer Institute,1
abiraterone acetate,Drug,28358937,2017,U10CA180834,2014,2018,2017,2017U10CA180834,806932,U10,CA,NCI,National Cancer Institute,National Cancer Institute,1
abiraterone acetate,Drug,28358937,2017,U10CA180819,2014,2021,2017,2017U10CA180819,7383899,U10,CA,NCI,National Cancer Institute,National Cancer Institute,1
abiraterone acetate,Drug,28473535,2017,R01CA181648,2014,2018,2017,2017R01CA181648,327250,R01,CA,NCI,National Cancer Institute,National Cancer Institute,1
abiraterone acetate,Drug,28358937,2017,UG1CA189829,2014,2020,2017,2017UG1CA189829,922547,UG1,CA,NCI,National Cancer Institute,National Cancer Institute,1
abiraterone acetate,Drug,28358937,2017,U10CA180826,2014,2018,2017,2017U10CA180826,1050864,U10,CA,NCI,National Cancer Institute,National Cancer Institute,2
abiraterone acetate,Drug,28358937,2017,U10CA180888,2014,2021,2017,2017U10CA180888,8932761,U10,CA,NCI,National Cancer Institute,National Cancer Institute,2
abiraterone acetate,Drug,28358937,2017,UG1CA189872,2014,2020,2017,2017UG1CA189872,741706,UG1,CA,NCI,National Cancer Institute,National Cancer Institute,1
abiraterone acetate,Drug,28358937,2017,UG1CA189804,2014,2020,2017,2017UG1CA189804,1194575,UG1,CA,NCI,National Cancer Institute,National Cancer Institute,1
abiraterone acetate,Drug,28358937,2017,U10CA180835,2014,2018,2017,2017U10CA180835,630238,U10,CA,NCI,National Cancer Institute,National Cancer Institute,1
abiraterone acetate,Drug,29167276,2018,R01CA193239,2015,2019,2018,2018R01CA193239,363713,R01,CA,NCI,National Cancer Institute,National Cancer Institute,1
abiraterone acetate,Drug,28473535,2017,R01CA193239,2015,2019,2017,2017R01CA193239,381678,R01,CA,NCI,National Cancer Institute,National Cancer Institute,1
abiraterone acetate,Drug,29590007,2018,P50CA180995,2015,2019,2018,2018P50CA180995,2289160,P50,CA,NCI,National Cancer Institute,National Cancer Institute,2
abiraterone acetate,Drug,31328181,2017,U01CA185148,2015,2019,2017,2017U01CA185148,327495,U01,CA,NCI,National Cancer Institute,National Cancer Institute,1
abiraterone acetate,Drug,32045360,2020,R01CA190289,2015,2019,2019,2019R01CA190289,423031,R01,CA,NCI,National Cancer Institute,National Cancer Institute,2
abiraterone acetate,Drug,29939161,2018,R01CA190289,2015,2019,2018,2018R01CA190289,452067,R01,CA,NCI,National Cancer Institute,National Cancer Institute,2
abiraterone acetate,Drug,27225130,2016,R01CA190289,2015,2019,2016,2016R01CA190289,396844,R01,CA,NCI,National Cancer Institute,National Cancer Institute,1
abiraterone acetate,Drug,27063554,2017,R01CA190289,2015,2019,2017,2017R01CA190289,458522,R01,CA,NCI,National Cancer Institute,National Cancer Institute,2
abiraterone acetate,Drug,29508246,2018,R01CA193837,2015,2021,2018,2018R01CA193837,468128,R01,CA,NCI,National Cancer Institute,National Cancer Institute,1
abiraterone acetate,Drug,32989253,2020,R01CA185297,2015,2018,2018,2018R01CA185297,370575,R01,CA,NCI,National Cancer Institute,National Cancer Institute,1
abiraterone acetate,Drug,27628492,2016,R01CA185297,2015,2018,2016,2016R01CA185297,405607,R01,CA,NCI,National Cancer Institute,National Cancer Institute,1
abiraterone acetate,Drug,30217566,2018,R01CA200787,2016,2020,2018,2018R01CA200787,370575,R01,CA,NCI,National Cancer Institute,National Cancer Institute,1
abiraterone acetate,Drug,28370076,2017,R50CA211241,2016,2020,2017,2017R50CA211241,189037,R50,CA,NCI,National Cancer Institute,National Cancer Institute,1
abiraterone acetate,Drug,28219796,2017,R50CA211241,2016,2020,2017,2017R50CA211241,189037,R50,CA,NCI,National Cancer Institute,National Cancer Institute,1
abiraterone acetate,Drug,29027195,2018,R01CA196648,2016,2020,2018,2018R01CA196648,363713,R01,CA,NCI,National Cancer Institute,National Cancer Institute,1
abiraterone acetate,Drug,27993966,2017,R21CA194798,2016,2017,2017,2017R21CA194798,211582,R21,CA,NCI,National Cancer Institute,National Cancer Institute,1
abiraterone acetate,Drug,31023520,2019,U24CA204863,2017,2020,2019,2019U24CA204863,724482,U24,CA,NCI,National Cancer Institute,National Cancer Institute,1
abiraterone acetate,Drug,32203070,2020,R01CA212097,2017,2019,2019,2019R01CA212097,584421,R01,CA,NCI,National Cancer Institute,National Cancer Institute,2
abiraterone acetate,Drug,29508246,2018,R01CA208100,2017,2020,2018,2018R01CA208100,483284,R01,CA,NCI,National Cancer Institute,National Cancer Institute,1
abiraterone acetate,Drug,31420248,2020,P20CA233255,2018,2020,2020,2020P20CA233255,998938,P20,CA,NCI,National Cancer Institute,National Cancer Institute,2
abiraterone acetate,Drug,30098419,2019,R01CA224769,2018,2020,2019,2019R01CA224769,333979,R01,CA,NCI,National Cancer Institute,National Cancer Institute,1
abiraterone acetate,Drug,28663228,2017,P30DK019525,1999,2021,2017,2017P30DK019525,2020348,P30,DK,NIDDK,National Institute of Diabetes and Digestive and Kidney Diseases,National Institute of Diabetes and Digestive and Kidney Diseases,2
abiraterone acetate,Drug,29167276,2018,T32DK007013,1999,2021,2018,2018T32DK007013,172273,T32,DK,NIDDK,National Institute of Diabetes and Digestive and Kidney Diseases,National Institute of Diabetes and Digestive and Kidney Diseases,1
abiraterone acetate,Drug,24780050,2014,T32DK007245,1999,2020,2014,2014T32DK007245,319545,T32,DK,NIDDK,National Institute of Diabetes and Digestive and Kidney Diseases,National Institute of Diabetes and Digestive and Kidney Diseases,1
abiraterone acetate,Drug,25560485,2015,T32DK007763,1999,2016,2015,2015T32DK007763,182555,T32,DK,NIDDK,National Institute of Diabetes and Digestive and Kidney Diseases,National Institute of Diabetes and Digestive and Kidney Diseases,1
abiraterone acetate,Drug,24780050,2014,R01DK062027,2004,2021,2014,2014R01DK062027,452228,R01,DK,NIDDK,National Institute of Diabetes and Digestive and Kidney Diseases,National Institute of Diabetes and Digestive and Kidney Diseases,1
abiraterone acetate,Drug,25560485,2015,R01DK078121,2007,2021,2015,2015R01DK078121,382027,R01,DK,NIDDK,National Institute of Diabetes and Digestive and Kidney Diseases,National Institute of Diabetes and Digestive and Kidney Diseases,1
abiraterone acetate,Drug,23319868,2013,P30DK079638,2008,2012,2012,2012P30DK079638,1359118,P30,DK,NIDDK,National Institute of Diabetes and Digestive and Kidney Diseases,National Institute of Diabetes and Digestive and Kidney Diseases,1
abiraterone acetate,Drug,24780050,2014,P30DK020572,2013,2021,2014,2014P30DK020572,2230021,P30,DK,NIDDK,National Institute of Diabetes and Digestive and Kidney Diseases,National Institute of Diabetes and Digestive and Kidney Diseases,3
abiraterone acetate,Drug,29027195,2018,R01GM028157,1999,2019,2018,2018R01GM028157,419836,R01,GM,NIGMS,National Institute of General Medical Sciences,National Institute of General Medical Sciences,1
abiraterone acetate,Drug,32989253,2020,T32GM008752,2000,2019,2019,2019T32GM008752,597480,T32,GM,NIGMS,National Institute of General Medical Sciences,National Institute of General Medical Sciences,1
abiraterone acetate,Drug,32045360,2020,R01GM086596,2009,2021,2020,2020R01GM086596,450151,R01,GM,NIGMS,National Institute of General Medical Sciences,National Institute of General Medical Sciences,1
abiraterone acetate,Drug,26862015,2017,R01GM086596,2009,2021,2017,2017R01GM086596,355294,R01,GM,NIGMS,National Institute of General Medical Sciences,National Institute of General Medical Sciences,1
abiraterone acetate,Drug,24508512,2014,R01GM086596,2009,2021,2014,2014R01GM086596,384891,R01,GM,NIGMS,National Institute of General Medical Sciences,National Institute of General Medical Sciences,1
abiraterone acetate,Drug,29027195,2018,U19GM061388,2010,2014,2014,2014U19GM061388,3534433,U19,GM,NIGMS,National Institute of General Medical Sciences,National Institute of General Medical Sciences,2
abiraterone acetate,Drug,31986451,2020,U54GM104942,2012,2020,2020,2020U54GM104942,8311775,U54,GM,NIGMS,National Institute of General Medical Sciences,National Institute of General Medical Sciences,5
abiraterone acetate,Drug,31412017,2020,U54GM104942,2012,2020,2020,2020U54GM104942,8311775,U54,GM,NIGMS,National Institute of General Medical Sciences,National Institute of General Medical Sciences,5
abiraterone acetate,Drug,31176622,2019,U54GM104942,2012,2020,2019,2019U54GM104942,3858867,U54,GM,NIGMS,National Institute of General Medical Sciences,National Institute of General Medical Sciences,2
abiraterone acetate,Drug,29027195,2018,R01GM125633,2018,2021,2018,2018R01GM125633,302100,R01,GM,NIGMS,National Institute of General Medical Sciences,National Institute of General Medical Sciences,1
abiraterone acetate,Drug,21729712,2011,T32AG000219,1999,2014,2011,2011T32AG000219,221916,T32,AG,NIA,National Institute on Aging,National Institute on Aging,1
abiraterone acetate,Drug,21092758,2011,T32AG000219,1999,2014,2011,2011T32AG000219,221916,T32,AG,NIA,National Institute on Aging,National Institute on Aging,1
abiraterone acetate,Drug,21729712,2011,T32ES007263,1999,2012,2011,2011T32ES007263,132577,T32,ES,NIEHS,National Institute of Environmental Health Sciences,National Institute of Environmental Health Sciences,1
abiraterone acetate,Drug,24284787,2014,T32ES007272,1999,2020,2014,2014T32ES007272,498137,T32,ES,NIEHS,National Institute of Environmental Health Sciences,National Institute of Environmental Health Sciences,1
abiraterone acetate,Drug,31614208,2020,P30ES013508,2006,2021,2020,2020P30ES013508,1522282,P30,ES,NIEHS,National Institute of Environmental Health Sciences,National Institute of Environmental Health Sciences,2
abiraterone acetate,Drug,30641225,2019,P30ES013508,2006,2021,2019,2019P30ES013508,1543546,P30,ES,NIEHS,National Institute of Environmental Health Sciences,National Institute of Environmental Health Sciences,2
abiraterone acetate,Drug,30029732,2018,P30ES013508,2006,2021,2018,2018P30ES013508,1751955,P30,ES,NIEHS,National Institute of Environmental Health Sciences,National Institute of Environmental Health Sciences,4
abiraterone acetate,Drug,28663228,2017,P30ES013508,2006,2021,2017,2017P30ES013508,1679032,P30,ES,NIEHS,National Institute of Environmental Health Sciences,National Institute of Environmental Health Sciences,2
abiraterone acetate,Drug,27531846,2017,P30ES013508,2006,2021,2017,2017P30ES013508,1679032,P30,ES,NIEHS,National Institute of Environmental Health Sciences,National Institute of Environmental Health Sciences,2
abiraterone acetate,Drug,27119752,2016,P30ES013508,2006,2021,2016,2016P30ES013508,1751255,P30,ES,NIEHS,National Institute of Environmental Health Sciences,National Institute of Environmental Health Sciences,2
abiraterone acetate,Drug,26032458,2015,P30ES013508,2006,2021,2015,2015P30ES013508,1795725,P30,ES,NIEHS,National Institute of Environmental Health Sciences,National Institute of Environmental Health Sciences,2
abiraterone acetate,Drug,25514466,2015,P30ES013508,2006,2021,2015,2015P30ES013508,1795725,P30,ES,NIEHS,National Institute of Environmental Health Sciences,National Institute of Environmental Health Sciences,2
abiraterone acetate,Drug,24284787,2014,R01ES017272,2010,2014,2014,2014R01ES017272,575080,R01,ES,NIEHS,National Institute of Environmental Health Sciences,National Institute of Environmental Health Sciences,1
abiraterone acetate,Drug,24284787,2014,U54HD028934,1999,2013,2013,2013U54HD028934,1592985,U54,HD,NICHD,National Institute of Child Health and Human Development,National Institute of Child Health and Human Development,2
abiraterone acetate,Drug,21705451,2011,R01HD016910,2004,2010,2010,2010R01HD016910,593388,R01,HD,NICHD,National Institute of Child Health and Human Development,National Institute of Child Health and Human Development,1
abiraterone acetate,Drug,25560485,2015,K12HD073917,2012,2016,2015,2015K12HD073917,382267,K12,HD,NICHD,National Institute of Child Health and Human Development,National Institute of Child Health and Human Development,1
abiraterone acetate,Drug,20645691,2010,P20RR016477,2001,2011,2010,2010P20RR016477,4691486,P20,RR,NCRR,National Center for Research Resources,National Center for Research Resources,2
abiraterone acetate,Drug,20645691,2010,P20RR020180,2004,2009,2009,2009P20RR020180,671641,P20,RR,NCRR,National Center for Research Resources,National Center for Research Resources,1
abiraterone acetate,Drug,22222232,2012,R13RR023236,2006,2010,2010,2010R13RR023236,73885,R13,RR,NCRR,National Center for Research Resources,National Center for Research Resources,1
abiraterone acetate,Drug,22064602,2012,R13RR023236,2006,2010,2010,2010R13RR023236,73885,R13,RR,NCRR,National Center for Research Resources,National Center for Research Resources,1
abiraterone acetate,Drug,24780050,2014,UL1RR024986,2007,2011,2011,2011UL1RR024986,14236589,UL1,RR,NCRR,National Center for Research Resources,National Center for Research Resources,5
abiraterone acetate,Drug,23093251,2012,R01EB008047,2007,2009,2009,2009R01EB008047,1526746,R01,EB,NIBIB,National Institute of Biomedical Imaging and Bioengineering,National Institute of Biomedical Imaging and Bioengineering,1
abiraterone acetate,Drug,23093251,2012,U01EB012493,2010,2018,2012,2012U01EB012493,2813556,U01,EB,NIBIB,National Institute of Biomedical Imaging and Bioengineering,National Institute of Biomedical Imaging and Bioengineering,1
abiraterone acetate,Drug,31530074,2020,ZIABC010547,2009,2019,2019,2019ZIABC010547,652474,ZIA,BC,FDA,Division of Basic Sciences,Division of Basic Sciences,1
abiraterone acetate,Drug,29939161,2018,ZIABC010547,2009,2019,2018,2018ZIABC010547,602934,ZIA,BC,FDA,Division of Basic Sciences,Division of Basic Sciences,1
abiraterone acetate,Drug,29590007,2018,ZIABC010547,2009,2019,2018,2018ZIABC010547,602934,ZIA,BC,FDA,Division of Basic Sciences,Division of Basic Sciences,1
abiraterone acetate,Drug,29939161,2018,ZIABC010627,2009,2019,2018,2018ZIABC010627,1032433,ZIA,BC,FDA,Division of Basic Sciences,Division of Basic Sciences,1
abiraterone acetate,Drug,29921690,2018,ZIABC011679,2016,2019,2018,2018ZIABC011679,509873,ZIA,BC,FDA,Division of Basic Sciences,Division of Basic Sciences,1
abiraterone acetate,Drug,32554434,2020,ZICSC006537,2009,2019,2019,2019ZICSC006537,1617213,ZIC,SC,NCI,Division of Clinical Sciences,National Cancer Institute,1
abiraterone acetate,Drug,29590007,2018,ZICSC006537,2009,2019,2018,2018ZICSC006537,1032433,ZIC,SC,NCI,Division of Clinical Sciences,National Cancer Institute,1
abiraterone acetate,Drug,31023520,2019,UL1TR000433,2012,2016,2016,2016UL1TR000433,10533159,UL1,TR,NCATS,National Center for Advancing Translational Sciences,National Center for Advancing Translational Sciences,1
abiraterone acetate,Drug,27409606,2016,UL1TR000135,2012,2015,2015,2015UL1TR000135,11746178,UL1,TR,NCATS,National Center for Advancing Translational Sciences,National Center for Advancing Translational Sciences,1
abiraterone acetate,Drug,25311217,2014,UL1TR000371,2012,2016,2014,2014UL1TR000371,3032785,UL1,TR,NCATS,National Center for Advancing Translational Sciences,National Center for Advancing Translational Sciences,2
abiraterone acetate,Drug,25336698,2014,UL1TR000430,2012,2016,2014,2014UL1TR000430,4712419,UL1,TR,NCATS,National Center for Advancing Translational Sciences,National Center for Advancing Translational Sciences,2
abiraterone acetate,Drug,27601596,2017,KL2TR001421,2015,2020,2017,2017KL2TR001421,450716,KL2,TR,NCATS,National Center for Advancing Translational Sciences,National Center for Advancing Translational Sciences,1
abiraterone acetate,Drug,28529549,2017,UL1TR001863,2016,2021,2017,2017UL1TR001863,9996134,UL1,TR,NCATS,National Center for Advancing Translational Sciences,National Center for Advancing Translational Sciences,4
abiraterone acetate,Drug,28358937,2017,UL1TR001863,2016,2021,2017,2017UL1TR001863,9996134,UL1,TR,NCATS,National Center for Advancing Translational Sciences,National Center for Advancing Translational Sciences,4
abiraterone acetate,Drug,31023520,2019,UL1TR002240,2017,2021,2019,2019UL1TR002240,9363804,UL1,TR,NCATS,National Center for Advancing Translational Sciences,National Center for Advancing Translational Sciences,1
abiraterone acetate,Drug,30865549,2019,UL1TR002384,2017,2020,2019,2019UL1TR002384,7169622,UL1,TR,NCATS,National Center for Advancing Translational Sciences,National Center for Advancing Translational Sciences,1
abiraterone acetate,Drug,28213364,2017,UL1TR002369,2017,2020,2017,2017UL1TR002369,6474657,UL1,TR,NCATS,National Center for Advancing Translational Sciences,National Center for Advancing Translational Sciences,1
abiraterone acetate,Drug,29988102,2018,T32OD011089,2012,2021,2018,2018T32OD011089,559957,T32,OD,NIH,Office of the Director,Office of the Director,1
